Date,SP500,SP500_%_Daily_Return ,VIX
2017-09-25,2496.66,,10.21
2017-09-26,2496.84,0.007%,10.17
2017-09-27,2507.04,0.409%,9.87
2017-09-28,2510.06,0.120%,9.55
2017-09-29,2519.36,0.371%,9.51
2017-10-02,2529.12,0.387%,9.45
2017-10-03,2534.58,0.216%,9.51
2017-10-04,2537.74,0.125%,9.63
2017-10-05,2552.07,0.565%,9.19
2017-10-06,2549.33,-0.107%,9.65
2017-10-09,2544.73,-0.180%,10.33
2017-10-10,2550.64,0.232%,10.08
2017-10-11,2555.24,0.180%,9.85
2017-10-12,2550.93,-0.169%,9.91
2017-10-13,2553.17,0.088%,9.61
2017-10-16,2557.64,0.175%,9.91
2017-10-17,2559.36,0.067%,10.31
2017-10-18,2561.26,0.074%,10.07
2017-10-19,2562.10,0.033%,10.05
2017-10-20,2575.21,0.512%,9.97
2017-10-23,2564.98,-0.397%,11.07
2017-10-24,2569.13,0.162%,11.16
2017-10-25,2557.15,-0.466%,11.23
2017-10-26,2560.40,0.127%,11.3
2017-10-27,2581.07,0.807%,9.8
2017-10-30,2572.83,-0.319%,10.5
2017-10-31,2575.26,0.094%,10.18
2017-11-01,2579.36,0.159%,10.2
2017-11-02,2579.85,0.019%,9.93
2017-11-03,2587.84,0.310%,9.14
2017-11-06,2591.13,0.127%,9.4
2017-11-07,2590.64,-0.019%,9.89
2017-11-08,2594.38,0.144%,9.78
2017-11-09,2584.62,-0.376%,10.5
2017-11-10,2582.30,-0.090%,11.29
2017-11-13,2584.84,0.098%,11.5
2017-11-14,2578.87,-0.231%,11.59
2017-11-15,2564.62,-0.553%,13.13
2017-11-16,2585.64,0.820%,11.76
2017-11-17,2578.85,-0.263%,11.43
2017-11-20,2582.14,0.128%,10.65
2017-11-21,2599.03,0.654%,9.73
2017-11-22,2597.08,-0.075%,9.88
2017-11-23,#N/A,#N/A,0
2017-11-24,2602.42,#N/A,9.67
2017-11-27,2601.42,-0.038%,9.87
2017-11-28,2627.04,0.985%,10.03
2017-11-29,2626.07,-0.037%,10.7
2017-11-30,2647.58,0.819%,11.28
2017-12-01,2642.22,-0.202%,11.43
2017-12-04,2639.44,-0.105%,11.68
2017-12-05,2629.57,-0.374%,11.33
2017-12-06,2629.27,-0.011%,11.02
2017-12-07,2636.98,0.293%,10.16
2017-12-08,2651.50,0.551%,9.58
2017-12-11,2659.99,0.320%,9.34
2017-12-12,2664.11,0.155%,9.92
2017-12-13,2662.85,-0.047%,10.18
2017-12-14,2652.01,-0.407%,10.49
2017-12-15,2675.81,0.897%,9.42
2017-12-18,2690.16,0.536%,9.53
2017-12-19,2681.47,-0.323%,10.03
2017-12-20,2679.25,-0.083%,9.72
2017-12-21,2684.57,0.199%,9.62
2017-12-22,2683.34,-0.046%,9.9
2017-12-25,#N/A,#N/A,0
2017-12-26,2680.50,#N/A,10.25
2017-12-27,2682.62,0.079%,10.47
2017-12-28,2687.54,0.183%,10.18
2017-12-29,2673.61,-0.518%,11.04
2018-01-01,#N/A,#N/A,0
2018-01-02,2695.81,#N/A,9.77
2018-01-03,2713.06,0.640%,9.15
2018-01-04,2723.99,0.403%,9.22
2018-01-05,2743.15,0.703%,9.22
2018-01-08,2747.71,0.166%,9.52
2018-01-09,2751.29,0.130%,10.08
2018-01-10,2748.23,-0.111%,9.82
2018-01-11,2767.56,0.703%,9.88
2018-01-12,2786.24,0.675%,10.16
2018-01-15,#N/A,#N/A,0
2018-01-16,2776.42,#N/A,11.66
2018-01-17,2802.56,0.942%,11.91
2018-01-18,2798.03,-0.162%,12.22
2018-01-19,2810.30,0.439%,11.27
2018-01-22,2832.97,0.807%,11.03
2018-01-23,2839.13,0.217%,11.1
2018-01-24,2837.54,-0.056%,11.47
2018-01-25,2839.25,0.060%,11.58
2018-01-26,2872.87,1.184%,11.08
2018-01-29,2853.53,-0.673%,13.84
2018-01-30,2822.43,-1.090%,14.79
2018-01-31,2823.81,0.049%,13.54
2018-02-01,2821.98,-0.065%,13.47
2018-02-02,2762.13,-2.121%,17.31
2018-02-05,2648.94,-4.098%,37.32
2018-02-06,2695.14,1.744%,29.98
2018-02-07,2681.66,-0.500%,27.73
2018-02-08,2581.00,-3.754%,33.46
2018-02-09,2619.55,1.494%,29.06
2018-02-12,2656.00,1.391%,25.61
2018-02-13,2662.94,0.261%,24.97
2018-02-14,2698.63,1.340%,19.26
2018-02-15,2731.20,1.207%,19.13
2018-02-16,2732.22,0.037%,19.46
2018-02-19,#N/A,#N/A,0
2018-02-20,2716.26,#N/A,20.6
2018-02-21,2701.33,-0.550%,20.02
2018-02-22,2703.96,0.097%,18.72
2018-02-23,2747.30,1.603%,16.49
2018-02-26,2779.60,1.176%,15.8
2018-02-27,2744.28,-1.271%,18.59
2018-02-28,2713.83,-1.110%,19.85
2018-03-01,2677.67,-1.332%,22.47
2018-03-02,2691.25,0.507%,19.59
2018-03-05,2720.94,1.103%,18.73
2018-03-06,2728.12,0.264%,18.36
2018-03-07,2726.80,-0.048%,17.76
2018-03-08,2738.97,0.446%,16.54
2018-03-09,2786.57,1.738%,14.64
2018-03-12,2783.02,-0.127%,15.78
2018-03-13,2765.31,-0.636%,16.35
2018-03-14,2749.48,-0.572%,17.23
2018-03-15,2747.33,-0.078%,16.59
2018-03-16,2752.01,0.170%,15.8
2018-03-19,2712.92,-1.420%,19.02
2018-03-20,2716.94,0.148%,18.2
2018-03-21,2711.93,-0.184%,17.86
2018-03-22,2643.69,-2.516%,23.34
2018-03-23,2588.26,-2.097%,24.87
2018-03-26,2658.55,2.716%,21.03
2018-03-27,2612.62,-1.728%,22.5
2018-03-28,2605.00,-0.292%,22.87
2018-03-29,2640.87,1.377%,19.97
2018-03-30,#N/A,#N/A,0
2018-04-02,2581.88,#N/A,23.62
2018-04-03,2614.45,1.261%,21.1
2018-04-04,2644.69,1.157%,20.06
2018-04-05,2662.84,0.686%,18.94
2018-04-06,2604.47,-2.192%,21.49
2018-04-09,2613.16,0.334%,21.77
2018-04-10,2656.87,1.673%,20.47
2018-04-11,2642.19,-0.553%,20.24
2018-04-12,2663.99,0.825%,18.49
2018-04-13,2656.30,-0.289%,17.41
2018-04-16,2677.84,0.811%,16.56
2018-04-17,2706.39,1.066%,15.25
2018-04-18,2708.64,0.083%,15.6
2018-04-19,2693.13,-0.573%,15.96
2018-04-20,2670.14,-0.854%,16.88
2018-04-23,2670.29,0.006%,16.34
2018-04-24,2634.56,-1.338%,18.02
2018-04-25,2639.40,0.184%,17.84
2018-04-26,2666.94,1.043%,16.24
2018-04-27,2669.91,0.111%,15.41
2018-04-30,2648.05,-0.819%,15.93
2018-05-01,2654.80,0.255%,15.49
2018-05-02,2635.67,-0.721%,15.97
2018-05-03,2629.73,-0.225%,15.9
2018-05-04,2663.42,1.281%,14.77
2018-05-07,2672.63,0.346%,14.75
2018-05-08,2671.92,-0.027%,14.71
2018-05-09,2697.79,0.968%,13.42
2018-05-10,2723.07,0.937%,13.23
2018-05-11,2727.72,0.171%,12.65
2018-05-14,2730.13,0.088%,12.93
2018-05-15,2711.45,-0.684%,14.63
2018-05-16,2722.46,0.406%,13.42
2018-05-17,2720.13,-0.086%,13.43
2018-05-18,2712.97,-0.263%,13.42
2018-05-21,2733.01,0.739%,13.08
2018-05-22,2724.44,-0.314%,13.22
2018-05-23,2733.29,0.325%,12.58
2018-05-24,2727.76,-0.202%,12.53
2018-05-25,2721.33,-0.236%,13.22
2018-05-28,#N/A,#N/A,0
2018-05-29,2689.86,#N/A,17.02
2018-05-30,2724.01,1.270%,14.94
2018-05-31,2705.27,-0.688%,15.43
2018-06-01,2734.62,1.085%,13.46
2018-06-04,2746.87,0.448%,12.74
2018-06-05,2748.80,0.070%,12.4
2018-06-06,2772.35,0.857%,11.64
2018-06-07,2770.37,-0.071%,12.13
2018-06-08,2779.03,0.313%,12.18
2018-06-11,2782.00,0.107%,12.35
2018-06-12,2786.85,0.174%,12.34
2018-06-13,2775.63,-0.403%,12.94
2018-06-14,2782.49,0.247%,12.12
2018-06-15,2779.66,-0.102%,11.98
2018-06-18,2773.75,-0.213%,12.31
2018-06-19,2762.59,-0.402%,13.35
2018-06-20,2767.32,0.171%,12.79
2018-06-21,2749.76,-0.635%,14.64
2018-06-22,2754.88,0.186%,13.77
2018-06-25,2717.07,-1.372%,17.33
2018-06-26,2723.06,0.220%,15.92
2018-06-27,2699.63,-0.860%,17.91
2018-06-28,2716.31,0.618%,16.85
2018-06-29,2718.37,0.076%,16.09
2018-07-02,2726.71,0.307%,15.6
2018-07-03,2713.22,-0.495%,16.14
2018-07-04,#N/A,#N/A,0
2018-07-05,2736.61,#N/A,14.97
2018-07-06,2759.82,0.848%,13.37
2018-07-09,2784.17,0.882%,12.69
2018-07-10,2793.84,0.347%,12.64
2018-07-11,2774.02,-0.709%,13.63
2018-07-12,2798.29,0.875%,12.58
2018-07-13,2801.31,0.108%,12.18
2018-07-16,2798.43,-0.103%,12.83
2018-07-17,2809.55,0.397%,12.06
2018-07-18,2815.62,0.216%,12.1
2018-07-19,2804.49,-0.395%,12.87
2018-07-20,2801.83,-0.095%,12.86
2018-07-23,2806.98,0.184%,12.62
2018-07-24,2820.40,0.478%,12.41
2018-07-25,2846.07,0.910%,12.29
2018-07-26,2837.44,-0.303%,12.14
2018-07-27,2818.82,-0.656%,13.03
2018-07-30,2802.60,-0.575%,14.26
2018-07-31,2816.29,0.488%,12.83
2018-08-01,2813.36,-0.104%,13.15
2018-08-02,2827.22,0.493%,12.19
2018-08-03,2840.35,0.464%,11.64
2018-08-06,2850.40,0.354%,11.27
2018-08-07,2858.45,0.282%,10.93
2018-08-08,2857.70,-0.026%,10.85
2018-08-09,2853.58,-0.144%,11.27
2018-08-10,2833.28,-0.711%,13.16
2018-08-13,2821.93,-0.401%,14.78
2018-08-14,2839.96,0.639%,13.31
2018-08-15,2818.37,-0.760%,14.64
2018-08-16,2840.69,0.792%,13.45
2018-08-17,2850.13,0.332%,12.64
2018-08-20,2857.05,0.243%,12.49
2018-08-21,2862.96,0.207%,12.86
2018-08-22,2861.82,-0.040%,12.25
2018-08-23,2856.98,-0.169%,12.41
2018-08-24,2874.69,0.620%,11.99
2018-08-27,2896.74,0.767%,12.16
2018-08-28,2897.52,0.027%,12.5
2018-08-29,2914.04,0.570%,12.25
2018-08-30,2901.13,-0.443%,13.53
2018-08-31,2901.52,0.013%,12.86
2018-09-03,#N/A,#N/A,0
2018-09-04,2896.72,#N/A,13.16
2018-09-05,2888.60,-0.280%,13.91
2018-09-06,2878.05,-0.365%,14.65
2018-09-07,2871.68,-0.221%,14.88
2018-09-10,2877.13,0.190%,14.16
2018-09-11,2887.89,0.374%,13.22
2018-09-12,2888.92,0.036%,13.14
2018-09-13,2904.18,0.528%,12.37
2018-09-14,2904.98,0.028%,12.07
2018-09-17,2888.80,-0.557%,13.68
2018-09-18,2904.31,0.537%,12.79
2018-09-19,2907.95,0.125%,11.75
2018-09-20,2930.75,0.784%,11.8
2018-09-21,2929.67,-0.037%,11.68
2018-09-24,2919.37,-0.352%,12.2
2018-09-25,2915.56,-0.131%,12.42
2018-09-26,2905.97,-0.329%,12.89
2018-09-27,2914.00,0.276%,12.41
2018-09-28,2913.98,-0.001%,12.12
2018-10-01,2924.59,0.364%,12
2018-10-02,2923.43,-0.040%,12.05
2018-10-03,2925.51,0.071%,11.61
2018-10-04,2901.61,-0.817%,14.22
2018-10-05,2885.57,-0.553%,14.82
2018-10-08,2884.43,-0.040%,15.69
2018-10-09,2880.34,-0.142%,15.95
2018-10-10,2785.68,-3.286%,22.96
2018-10-11,2728.37,-2.057%,24.98
2018-10-12,2767.13,1.421%,21.31
2018-10-15,2750.79,-0.591%,21.3
2018-10-16,2809.92,2.150%,17.62
2018-10-17,2809.21,-0.025%,17.4
2018-10-18,2768.78,-1.439%,20.06
2018-10-19,2767.78,-0.036%,19.89
2018-10-22,2755.88,-0.430%,19.64
2018-10-23,2740.69,-0.551%,20.71
2018-10-24,2656.10,-3.086%,25.23
2018-10-25,2705.57,1.863%,24.22
2018-10-26,2658.69,-1.733%,24.16
2018-10-29,2641.25,-0.656%,24.7
2018-10-30,2682.63,1.567%,23.35
2018-10-31,2711.74,1.085%,21.23
2018-11-01,2740.37,1.056%,19.34
2018-11-02,2723.06,-0.632%,19.51
2018-11-05,2738.31,0.560%,19.96
2018-11-06,2755.45,0.626%,19.91
2018-11-07,2813.89,2.121%,16.36
2018-11-08,2806.83,-0.251%,16.72
2018-11-09,2781.01,-0.920%,17.36
2018-11-12,2726.22,-1.970%,20.45
2018-11-13,2722.18,-0.148%,20.02
2018-11-14,2701.58,-0.757%,21.25
2018-11-15,2730.20,1.059%,19.98
2018-11-16,2736.27,0.222%,18.14
2018-11-19,2690.73,-1.664%,20.1
2018-11-20,2641.89,-1.815%,22.48
2018-11-21,2649.93,0.304%,20.8
2018-11-22,#N/A,#N/A,0
2018-11-23,2632.56,#N/A,21.52
2018-11-26,2673.45,1.553%,18.9
2018-11-27,2682.17,0.326%,19.02
2018-11-28,2743.79,2.297%,18.49
2018-11-29,2737.76,-0.220%,18.79
2018-11-30,2760.17,0.819%,18.07
2018-12-03,2790.37,1.094%,16.44
2018-12-04,2700.06,-3.236%,20.74
2018-12-05,#N/A,#N/A,0
2018-12-06,2695.95,#N/A,21.19
2018-12-07,2633.08,-2.332%,23.23
2018-12-10,2637.72,0.176%,22.64
2018-12-11,2636.78,-0.036%,21.76
2018-12-12,2651.07,0.542%,21.46
2018-12-13,2650.54,-0.020%,20.65
2018-12-14,2599.95,-1.909%,21.63
2018-12-17,2545.94,-2.077%,24.52
2018-12-18,2546.16,0.009%,25.58
2018-12-19,2506.96,-1.540%,25.58
2018-12-20,2467.42,-1.577%,28.38
2018-12-21,2416.62,-2.059%,30.11
2018-12-24,2351.10,-2.711%,36.07
2018-12-25,#N/A,#N/A,0
2018-12-26,2467.70,#N/A,30.41
2018-12-27,2488.83,0.856%,29.96
2018-12-28,2485.74,-0.124%,28.34
2018-12-31,2506.85,0.849%,25.42
2019-01-01,#N/A,#N/A,0
2019-01-02,2510.03,#N/A,23.22
2019-01-03,2447.89,-2.476%,25.45
2019-01-04,2531.94,3.434%,21.38
2019-01-07,2549.69,0.701%,21.4
2019-01-08,2574.41,0.970%,20.47
2019-01-09,2584.96,0.410%,19.98
2019-01-10,2596.64,0.452%,19.5
2019-01-11,2596.26,-0.015%,18.19
2019-01-14,2582.61,-0.526%,19.07
2019-01-15,2610.30,1.072%,18.6
2019-01-16,2616.10,0.222%,19.04
2019-01-17,2635.96,0.759%,18.06
2019-01-18,2670.71,1.318%,17.8
2019-01-21,#N/A,#N/A,0
2019-01-22,2632.90,#N/A,20.8
2019-01-23,2638.70,0.220%,19.52
2019-01-24,2642.33,0.138%,18.89
2019-01-25,2664.76,0.849%,17.42
2019-01-28,2643.85,-0.785%,18.87
2019-01-29,2640.00,-0.146%,19.13
2019-01-30,2681.05,1.555%,17.66
2019-01-31,2704.10,0.860%,16.57
2019-02-01,2706.53,0.090%,16.14
2019-02-04,2724.87,0.678%,15.73
2019-02-05,2737.70,0.471%,15.57
2019-02-06,2731.61,-0.222%,15.38
2019-02-07,2706.05,-0.936%,16.37
2019-02-08,2707.88,0.068%,15.72
2019-02-11,2709.80,0.071%,15.97
2019-02-12,2744.73,1.289%,15.43
2019-02-13,2753.03,0.302%,15.65
2019-02-14,2745.73,-0.265%,16.22
2019-02-15,2775.60,1.088%,14.91
2019-02-18,#N/A,#N/A,0
2019-02-19,2779.76,#N/A,14.88
2019-02-20,2784.70,0.178%,14.02
2019-02-21,2774.88,-0.353%,14.46
2019-02-22,2792.67,0.641%,13.51
2019-02-25,2796.11,0.123%,14.85
2019-02-26,2793.90,-0.079%,15.17
2019-02-27,2792.38,-0.054%,14.7
2019-02-28,2784.49,-0.283%,14.7
2019-03-01,2803.69,0.690%,13.57
2019-03-04,2792.81,-0.388%,14.63
2019-03-05,2789.65,-0.113%,14.74
2019-03-06,2771.45,-0.652%,15.74
2019-03-07,2748.93,-0.813%,16.59
2019-03-08,2743.07,-0.213%,16.05
2019-03-11,2783.30,1.467%,14.33
2019-03-12,2791.52,0.295%,13.77
2019-03-13,2810.92,0.695%,13.41
2019-03-14,2808.48,-0.087%,13.5
2019-03-15,2822.48,0.498%,12.88
2019-03-18,2832.94,0.371%,13.1
2019-03-19,2832.57,-0.013%,13.56
2019-03-20,2824.23,-0.294%,13.91
2019-03-21,2854.88,1.085%,13.63
2019-03-22,2800.71,-1.897%,16.48
2019-03-25,2798.36,-0.084%,16.33
2019-03-26,2818.46,0.718%,14.68
2019-03-27,2805.37,-0.464%,15.15
2019-03-28,2815.44,0.359%,14.43
2019-03-29,2834.40,0.673%,13.71
2019-04-01,2867.19,1.157%,13.4
2019-04-02,2867.24,0.002%,13.36
2019-04-03,2873.40,0.215%,13.74
2019-04-04,2879.39,0.208%,13.58
2019-04-05,2892.74,0.464%,12.82
2019-04-08,2895.77,0.105%,13.18
2019-04-09,2878.20,-0.607%,14.28
2019-04-10,2888.21,0.348%,13.3
2019-04-11,2888.32,0.004%,13.02
2019-04-12,2907.41,0.661%,12.01
2019-04-15,2905.58,-0.063%,12.32
2019-04-16,2907.06,0.051%,12.18
2019-04-17,2900.45,-0.227%,12.6
2019-04-18,2905.03,0.158%,12.09
2019-04-19,#N/A,#N/A,0
2019-04-22,2907.97,#N/A,12.42
2019-04-23,2933.68,0.884%,12.28
2019-04-24,2927.25,-0.219%,13.14
2019-04-25,2926.17,-0.037%,13.25
2019-04-26,2939.88,0.469%,12.73
2019-04-29,2943.03,0.107%,13.11
2019-04-30,2945.83,0.095%,13.12
2019-05-01,2923.73,-0.750%,14.8
2019-05-02,2917.52,-0.212%,14.42
2019-05-03,2945.64,0.964%,12.87
2019-05-06,2932.47,-0.447%,15.44
2019-05-07,2884.05,-1.651%,19.32
2019-05-08,2879.42,-0.161%,19.4
2019-05-09,2870.72,-0.302%,19.1
2019-05-10,2881.40,0.372%,16.04
2019-05-13,2811.87,-2.413%,20.55
2019-05-14,2834.41,0.802%,18.06
2019-05-15,2850.96,0.584%,16.44
2019-05-16,2876.32,0.890%,15.29
2019-05-17,2859.53,-0.584%,15.96
2019-05-20,2840.23,-0.675%,16.31
2019-05-21,2864.36,0.850%,14.95
2019-05-22,2856.27,-0.282%,14.75
2019-05-23,2822.24,-1.191%,16.92
2019-05-24,2826.06,0.135%,15.85
2019-05-27,#N/A,#N/A,0
2019-05-28,2802.39,#N/A,17.5
2019-05-29,2783.02,-0.691%,17.9
2019-05-30,2788.86,0.210%,17.3
2019-05-31,2752.06,-1.320%,18.71
2019-06-03,2744.45,-0.277%,18.86
2019-06-04,2803.27,2.143%,16.97
2019-06-05,2826.15,0.816%,16.09
2019-06-06,2843.49,0.614%,15.93
2019-06-07,2873.34,1.050%,16.3
2019-06-10,2886.73,0.466%,15.94
2019-06-11,2885.72,-0.035%,15.99
2019-06-12,2879.84,-0.204%,15.91
2019-06-13,2891.64,0.410%,15.82
2019-06-14,2886.98,-0.161%,15.28
2019-06-17,2889.67,0.093%,15.35
2019-06-18,2917.75,0.972%,15.15
2019-06-19,2926.46,0.299%,14.33
2019-06-20,2954.18,0.947%,14.75
2019-06-21,2950.46,-0.126%,15.4
2019-06-24,2945.35,-0.173%,15.26
2019-06-25,2917.38,-0.950%,16.28
2019-06-26,2913.78,-0.123%,16.21
2019-06-27,2924.92,0.382%,15.82
2019-06-28,2941.76,0.576%,15.08
2019-07-01,2964.33,0.767%,14.06
2019-07-02,2973.01,0.293%,12.93
2019-07-03,2995.82,0.767%,12.57
2019-07-04,#N/A,#N/A,0
2019-07-05,2990.41,#N/A,13.28
2019-07-08,2975.95,-0.484%,13.96
2019-07-09,2979.63,0.124%,14.09
2019-07-10,2993.07,0.451%,13.03
2019-07-11,2999.91,0.229%,12.93
2019-07-12,3013.77,0.462%,12.39
2019-07-15,3014.30,0.018%,12.68
2019-07-16,3004.04,-0.340%,12.86
2019-07-17,2984.42,-0.653%,13.97
2019-07-18,2995.11,0.358%,13.53
2019-07-19,2976.61,-0.618%,14.45
2019-07-22,2985.03,0.283%,13.53
2019-07-23,3005.47,0.685%,12.61
2019-07-24,3019.56,0.469%,12.07
2019-07-25,3003.67,-0.526%,12.74
2019-07-26,3025.86,0.739%,12.16
2019-07-29,3020.97,-0.162%,12.83
2019-07-30,3013.18,-0.258%,13.94
2019-07-31,2980.38,-1.089%,16.12
2019-08-01,2953.56,-0.900%,17.87
2019-08-02,2932.05,-0.728%,17.61
2019-08-05,2844.74,-2.978%,24.59
2019-08-06,2881.77,1.302%,20.17
2019-08-07,2883.98,0.077%,19.49
2019-08-08,2938.09,1.876%,16.91
2019-08-09,2918.65,-0.662%,17.97
2019-08-12,2883.75,-1.196%,21.09
2019-08-13,2926.32,1.476%,17.52
2019-08-14,2840.60,-2.929%,22.1
2019-08-15,2847.60,0.246%,21.18
2019-08-16,2888.68,1.443%,18.47
2019-08-19,2923.65,1.211%,16.88
2019-08-20,2900.51,-0.791%,17.5
2019-08-21,2924.43,0.825%,15.8
2019-08-22,2922.95,-0.051%,16.68
2019-08-23,2847.11,-2.595%,19.87
2019-08-26,2878.38,1.098%,19.32
2019-08-27,2869.16,-0.320%,20.31
2019-08-28,2887.94,0.655%,19.35
2019-08-29,2924.58,1.269%,17.88
2019-08-30,2926.46,0.064%,18.98
2019-09-02,#N/A,#N/A,0
2019-09-03,2906.27,#N/A,19.66
2019-09-04,2937.78,1.084%,17.33
2019-09-05,2976.00,1.301%,16.27
2019-09-06,2978.71,0.091%,15
2019-09-09,2978.43,-0.009%,15.27
2019-09-10,2979.39,0.032%,15.2
2019-09-11,3000.93,0.723%,14.61
2019-09-12,3009.57,0.288%,14.22
2019-09-13,3007.39,-0.072%,13.74
2019-09-16,2997.96,-0.314%,14.67
2019-09-17,3005.70,0.258%,14.44
2019-09-18,3006.73,0.034%,13.95
2019-09-19,3006.79,0.002%,14.05
2019-09-20,2992.07,-0.490%,15.32
2019-09-23,2991.78,-0.010%,14.91
2019-09-24,2966.60,-0.842%,17.05
2019-09-25,2984.87,0.616%,15.96
2019-09-26,2977.62,-0.243%,16.07
2019-09-27,2961.79,-0.532%,17.22
2019-09-30,2976.74,0.505%,16.24
2019-10-01,2940.25,-1.226%,18.56
2019-10-02,2887.61,-1.790%,20.56
2019-10-03,2910.63,0.797%,19.12
2019-10-04,2952.01,1.422%,17.04
2019-10-07,2938.79,-0.448%,17.86
2019-10-08,2893.06,-1.556%,20.28
2019-10-09,2919.40,0.910%,18.64
2019-10-10,2938.13,0.642%,17.57
2019-10-11,2970.27,1.094%,15.58
2019-10-14,2966.15,-0.139%,14.57
2019-10-15,2995.68,0.996%,13.54
2019-10-16,2989.69,-0.200%,13.68
2019-10-17,2997.95,0.276%,13.79
2019-10-18,2986.20,-0.392%,14.25
2019-10-21,3006.72,0.687%,14
2019-10-22,2995.99,-0.357%,14.46
2019-10-23,3004.52,0.285%,14.01
2019-10-24,3010.29,0.192%,13.71
2019-10-25,3022.55,0.407%,12.65
2019-10-28,3039.42,0.558%,13.11
2019-10-29,3036.89,-0.083%,13.2
2019-10-30,3046.77,0.325%,12.33
2019-10-31,3037.56,-0.302%,13.22
2019-11-01,3066.91,0.966%,12.3
2019-11-04,3078.27,0.370%,12.83
2019-11-05,3074.62,-0.119%,13.1
2019-11-06,3076.78,0.070%,12.62
2019-11-07,3085.18,0.273%,12.73
2019-11-08,3093.08,0.256%,12.07
2019-11-11,3087.01,-0.196%,12.69
2019-11-12,3091.84,0.156%,12.68
2019-11-13,3094.04,0.071%,13
2019-11-14,3096.63,0.084%,13.05
2019-11-15,3120.46,0.770%,12.05
2019-11-18,3122.03,0.050%,12.46
2019-11-19,3120.18,-0.059%,12.86
2019-11-20,3108.46,-0.376%,12.78
2019-11-21,3103.54,-0.158%,13.13
2019-11-22,3110.29,0.217%,12.34
2019-11-25,3133.64,0.751%,11.87
2019-11-26,3140.52,0.220%,11.54
2019-11-27,3153.63,0.417%,11.75
2019-11-28,#N/A,#N/A,0
2019-11-29,3140.98,#N/A,12.62
2019-12-02,3113.87,-0.863%,14.91
2019-12-03,3093.20,-0.664%,15.96
2019-12-04,3112.76,0.632%,14.8
2019-12-05,3117.43,0.150%,14.52
2019-12-06,3145.91,0.914%,13.62
2019-12-09,3135.96,-0.316%,15.86
2019-12-10,3132.52,-0.110%,15.68
2019-12-11,3141.63,0.291%,14.99
2019-12-12,3168.57,0.858%,13.94
2019-12-13,3168.80,0.007%,12.63
2019-12-16,3191.45,0.715%,12.14
2019-12-17,3192.52,0.034%,12.29
2019-12-18,3191.14,-0.043%,12.58
2019-12-19,3205.37,0.446%,12.5
2019-12-20,3221.22,0.494%,12.51
2019-12-23,3224.01,0.087%,12.61
2019-12-24,3223.38,-0.020%,12.67
2019-12-25,#N/A,#N/A,0
2019-12-26,3239.91,#N/A,12.65
2019-12-27,3240.02,0.003%,13.43
2019-12-30,3221.29,-0.578%,14.82
2019-12-31,3230.78,0.295%,13.78
2020-01-01,#N/A,#N/A,0
2020-01-02,3257.85,#N/A,12.47
2020-01-03,3234.85,-0.706%,14.02
2020-01-06,3246.28,0.353%,13.85
2020-01-07,3237.18,-0.280%,13.79
2020-01-08,3253.05,0.490%,13.45
2020-01-09,3274.70,0.666%,12.54
2020-01-10,3265.35,-0.286%,12.56
2020-01-13,3288.13,0.698%,12.32
2020-01-14,3283.15,-0.151%,12.39
2020-01-15,3289.29,0.187%,12.42
2020-01-16,3316.81,0.837%,12.32
2020-01-17,3329.62,0.386%,12.1
2020-01-20,#N/A,#N/A,0
2020-01-21,3320.79,#N/A,12.85
2020-01-22,3321.75,0.029%,12.91
2020-01-23,3325.54,0.114%,12.98
2020-01-24,3295.47,-0.904%,14.56
2020-01-27,3243.63,-1.573%,18.23
2020-01-28,3276.24,1.005%,16.28
2020-01-29,3273.40,-0.087%,16.39
2020-01-30,3283.66,0.313%,15.49
2020-01-31,3225.52,-1.771%,18.84
2020-02-03,3248.92,0.725%,17.97
2020-02-04,3297.59,1.498%,16.05
2020-02-05,3334.69,1.125%,15.15
2020-02-06,3345.78,0.333%,14.96
2020-02-07,3327.71,-0.540%,15.47
2020-02-10,3352.09,0.733%,15.04
2020-02-11,3357.75,0.169%,15.18
2020-02-12,3379.45,0.646%,13.74
2020-02-13,3373.94,-0.163%,14.15
2020-02-14,3380.16,0.184%,13.68
2020-02-17,#N/A,#N/A,0
2020-02-18,3370.29,#N/A,14.83
2020-02-19,3386.15,0.471%,14.38
2020-02-20,3373.23,-0.382%,15.56
2020-02-21,3337.75,-1.052%,17.08
2020-02-24,3225.89,-3.351%,25.03
2020-02-25,3128.21,-3.028%,27.85
2020-02-26,3116.39,-0.378%,27.56
2020-02-27,2978.76,-4.416%,39.16
2020-02-28,2954.22,-0.824%,40.11
2020-03-02,3090.23,4.604%,33.42
2020-03-03,3003.37,-2.811%,36.82
2020-03-04,3130.12,4.220%,31.99
2020-03-05,3023.94,-3.392%,39.62
2020-03-06,2972.37,-1.705%,41.94
2020-03-09,2746.56,-7.597%,54.46
2020-03-10,2882.23,4.940%,47.3
2020-03-11,2741.38,-4.887%,53.9
2020-03-12,2480.64,-9.511%,75.47
2020-03-13,2711.02,9.287%,57.83
2020-03-16,2386.13,-11.984%,82.69
2020-03-17,2529.19,5.995%,75.91
2020-03-18,2398.10,-5.183%,76.45
2020-03-19,2409.39,0.471%,72
2020-03-20,2304.92,-4.336%,66.04
2020-03-23,2237.40,-2.929%,61.59
2020-03-24,2447.33,9.383%,61.67
2020-03-25,2475.56,1.154%,63.95
2020-03-26,2630.07,6.241%,61
2020-03-27,2541.47,-3.369%,65.54
2020-03-30,2626.65,3.352%,57.08
2020-03-31,2584.59,-1.601%,53.54
2020-04-01,2470.50,-4.414%,57.06
2020-04-02,2526.90,2.283%,50.91
2020-04-03,2488.65,-1.514%,46.8
2020-04-06,2663.68,7.033%,45.24
2020-04-07,2659.41,-0.160%,46.7
2020-04-08,2749.98,3.406%,43.35
2020-04-09,2789.82,1.449%,41.67
2020-04-10,#N/A,#N/A,0
2020-04-13,2761.63,#N/A,41.17
2020-04-14,2846.06,3.057%,37.76
2020-04-15,2783.36,-2.203%,40.84
2020-04-16,2799.55,0.582%,40.11
2020-04-17,2874.56,2.679%,38.15
2020-04-20,2823.16,-1.788%,43.83
2020-04-21,2736.56,-3.067%,45.41
2020-04-22,2799.31,2.293%,41.98
2020-04-23,2797.80,-0.054%,41.38
2020-04-24,2836.74,1.392%,35.93
2020-04-27,2878.48,1.471%,33.29
2020-04-28,2863.39,-0.524%,33.57
2020-04-29,2939.51,2.658%,31.23
2020-04-30,2912.43,-0.921%,34.15
2020-05-01,2830.71,-2.806%,37.19
2020-05-04,2842.74,0.425%,35.97
2020-05-05,2868.44,0.904%,33.61
2020-05-06,2848.42,-0.698%,34.12
2020-05-07,2881.19,1.150%,31.44
2020-05-08,2929.80,1.687%,27.98
2020-05-11,2930.32,0.018%,27.57
2020-05-12,2870.12,-2.054%,33.04
2020-05-13,2820.00,-1.746%,35.28
2020-05-14,2852.50,1.152%,32.61
2020-05-15,2863.70,0.393%,31.89
2020-05-18,2953.91,3.150%,29.3
2020-05-19,2922.94,-1.048%,30.53
2020-05-20,2971.61,1.665%,27.99
2020-05-21,2948.51,-0.777%,29.53
2020-05-22,2955.45,0.235%,28.16
2020-05-25,#N/A,#N/A,0
2020-05-26,2991.77,#N/A,28.01
2020-05-27,3036.13,1.483%,27.62
2020-05-28,3029.73,-0.211%,28.59
2020-05-29,3044.31,0.481%,27.51
2020-06-01,3055.73,0.375%,28.23
2020-06-02,3080.82,0.821%,26.84
2020-06-03,3122.87,1.365%,25.66
2020-06-04,3112.35,-0.337%,25.81
2020-06-05,3193.93,2.621%,24.52
2020-06-08,3232.39,1.204%,25.81
2020-06-09,3207.18,-0.780%,27.57
2020-06-10,3190.14,-0.531%,27.57
2020-06-11,3002.10,-5.894%,40.79
2020-06-12,3041.31,1.306%,36.09
2020-06-15,3066.59,0.831%,34.4
2020-06-16,3124.74,1.896%,33.67
2020-06-17,3113.49,-0.360%,33.47
2020-06-18,3115.34,0.059%,32.94
2020-06-19,3097.74,-0.565%,35.12
2020-06-22,3117.86,0.650%,31.77
2020-06-23,3131.29,0.431%,31.37
2020-06-24,3050.33,-2.586%,33.84
2020-06-25,3083.76,1.096%,32.22
2020-06-26,3009.05,-2.423%,34.73
2020-06-29,3053.24,1.469%,31.78
2020-06-30,3100.29,1.541%,30.43
2020-07-01,3115.86,0.502%,28.62
2020-07-02,3130.01,0.454%,27.68
2020-07-03,#N/A,#N/A,0
2020-07-06,3179.72,#N/A,27.94
2020-07-07,3145.32,-1.082%,29.43
2020-07-08,3169.94,0.783%,28.08
2020-07-09,3152.05,-0.564%,29.26
2020-07-10,3185.04,1.047%,27.29
2020-07-13,3155.22,-0.936%,32.19
2020-07-14,3197.52,1.341%,29.52
2020-07-15,3226.56,0.908%,27.76
2020-07-16,3215.57,-0.341%,28
2020-07-17,3224.73,0.285%,25.68
2020-07-20,3251.84,0.841%,24.46
2020-07-21,3257.30,0.168%,24.84
2020-07-22,3276.02,0.575%,24.32
2020-07-23,3235.66,-1.232%,26.08
2020-07-24,3215.63,-0.619%,25.84
2020-07-27,3239.41,0.740%,24.74
2020-07-28,3218.44,-0.647%,25.44
2020-07-29,3258.44,1.243%,24.1
2020-07-30,3246.22,-0.375%,24.76
2020-07-31,3271.12,0.767%,24.46
2020-08-03,3294.61,0.718%,24.28
2020-08-04,3306.51,0.361%,23.76
2020-08-05,3327.77,0.643%,22.99
2020-08-06,3349.16,0.643%,22.65
2020-08-07,3351.28,0.063%,22.21
2020-08-10,3360.47,0.274%,22.13
2020-08-11,3333.69,-0.797%,24.03
2020-08-12,3380.35,1.400%,22.28
2020-08-13,3373.43,-0.205%,22.13
2020-08-14,3372.85,-0.017%,22.05
2020-08-17,3381.99,0.271%,21.35
2020-08-18,3389.78,0.230%,21.51
2020-08-19,3374.85,-0.440%,22.54
2020-08-20,3385.51,0.316%,22.72
2020-08-21,3397.16,0.344%,22.54
2020-08-24,3431.28,1.004%,22.37
2020-08-25,3443.62,0.360%,22.03
2020-08-26,3478.73,1.020%,23.27
2020-08-27,3484.55,0.167%,24.47
2020-08-28,3508.01,0.673%,22.96
2020-08-31,3500.31,-0.219%,26.41
2020-09-01,3526.65,0.753%,26.12
2020-09-02,3580.84,1.537%,26.57
2020-09-03,3455.06,-3.513%,33.6
2020-09-04,3426.96,-0.813%,30.75
2020-09-07,#N/A,#N/A,0
2020-09-08,3331.84,#N/A,31.46
2020-09-09,3398.96,2.015%,28.81
2020-09-10,3339.19,-1.758%,29.71
2020-09-11,3340.97,0.053%,26.87
2020-09-14,3383.54,1.274%,25.85
2020-09-15,3401.20,0.522%,25.59
2020-09-16,3385.49,-0.462%,26.04
2020-09-17,3357.01,-0.841%,26.46
2020-09-18,3319.47,-1.118%,25.83
2020-09-21,3281.06,-1.157%,27.78
2020-09-22,3315.57,1.052%,26.86
2020-09-23,3236.92,-2.372%,28.58
2020-09-24,3246.59,0.299%,28.51
2020-09-25,3298.46,1.598%,26.38
2020-09-28,3351.60,1.611%,26.19
2020-09-29,3335.47,-0.481%,26.27
2020-09-30,3363.00,0.825%,26.37
2020-10-01,3380.80,0.529%,26.7
2020-10-02,3348.44,-0.957%,27.63
2020-10-05,3408.63,1.798%,27.96
2020-10-06,3360.95,-1.399%,29.48
2020-10-07,3419.45,1.741%,28.06
2020-10-08,3446.83,0.801%,26.36
2020-10-09,3477.13,0.879%,25
2020-10-12,3534.22,1.642%,25.07
2020-10-13,3511.93,-0.631%,26.07
2020-10-14,3488.67,-0.662%,26.4
2020-10-15,3483.34,-0.153%,26.97
2020-10-16,3483.81,0.013%,27.41
2020-10-19,3426.92,-1.633%,29.18
2020-10-20,3443.12,0.473%,29.35
2020-10-21,3435.56,-0.220%,28.65
2020-10-22,3453.49,0.522%,28.11
2020-10-23,3465.39,0.345%,27.55
2020-10-26,3400.97,-1.859%,32.46
2020-10-27,3390.68,-0.303%,33.35
2020-10-28,3271.03,-3.529%,40.28
2020-10-29,3310.11,1.195%,37.59
2020-10-30,3269.96,-1.213%,38.02
2020-11-02,3310.24,1.232%,37.13
2020-11-03,3369.16,1.780%,35.55
2020-11-04,3443.44,2.205%,29.57
2020-11-05,3510.45,1.946%,27.58
2020-11-06,3509.44,-0.029%,24.86
2020-11-09,3550.50,1.170%,25.75
2020-11-10,3545.53,-0.140%,24.8
2020-11-11,3572.66,0.765%,23.45
2020-11-12,3537.01,-0.998%,25.35
2020-11-13,3585.15,1.361%,23.1
2020-11-16,3626.91,1.165%,22.45
2020-11-17,3609.53,-0.479%,22.71
2020-11-18,3567.79,-1.156%,23.84
2020-11-19,3581.87,0.395%,23.11
2020-11-20,3557.54,-0.679%,23.7
2020-11-23,3577.59,0.564%,22.66
2020-11-24,3635.41,1.616%,21.64
2020-11-25,3629.65,-0.158%,21.25
2020-11-26,#N/A,#N/A,0
2020-11-27,3638.35,#N/A,20.84
2020-11-30,3621.63,-0.460%,20.57
2020-12-01,3662.45,1.127%,20.77
2020-12-02,3669.01,0.179%,21.17
2020-12-03,3666.72,-0.062%,21.28
2020-12-04,3699.12,0.884%,20.79
2020-12-07,3691.96,-0.194%,21.3
2020-12-08,3702.25,0.279%,20.68
2020-12-09,3672.82,-0.795%,22.27
2020-12-10,3668.10,-0.129%,22.52
2020-12-11,3663.46,-0.126%,23.31
2020-12-14,3647.49,-0.436%,24.72
2020-12-15,3694.62,1.292%,22.89
2020-12-16,3701.17,0.177%,22.5
2020-12-17,3722.48,0.576%,21.93
2020-12-18,3709.41,-0.351%,21.57
2020-12-21,3694.92,-0.391%,25.16
2020-12-22,3687.26,-0.207%,24.23
2020-12-23,3690.01,0.075%,23.31
2020-12-24,3703.06,0.354%,21.53
2020-12-25,#N/A,#N/A,0
2020-12-28,3735.36,#N/A,21.7
2020-12-29,3727.04,-0.223%,23.08
2020-12-30,3732.04,0.134%,22.77
2020-12-31,3756.07,0.644%,22.75
2021-01-01,#N/A,#N/A,0
2021-01-04,3700.65,#N/A,26.97
2021-01-05,3726.86,0.708%,25.34
2021-01-06,3748.14,0.571%,25.07
2021-01-07,3803.79,1.485%,22.37
2021-01-08,3824.68,0.549%,21.56
2021-01-11,3799.61,-0.655%,24.08
2021-01-12,3801.19,0.042%,23.33
2021-01-13,3809.84,0.228%,22.21
2021-01-14,3795.54,-0.375%,23.25
2021-01-15,3768.25,-0.719%,24.34
2021-01-18,#N/A,#N/A,0
2021-01-19,3798.91,#N/A,23.24
2021-01-20,3851.85,1.394%,21.58
2021-01-21,3853.07,0.032%,21.32
2021-01-22,3841.47,-0.301%,21.91
2021-01-25,3855.36,0.362%,23.19
2021-01-26,3849.62,-0.149%,23.02
2021-01-27,3750.77,-2.568%,37.21
2021-01-28,3787.38,0.976%,30.21
2021-01-29,3714.24,-1.931%,33.09
2021-02-01,3773.86,1.605%,30.24
2021-02-02,3826.31,1.390%,25.56
2021-02-03,3830.17,0.101%,22.91
2021-02-04,3871.74,1.085%,21.77
2021-02-05,3886.83,0.390%,20.87
2021-02-08,3915.59,0.740%,21.24
2021-02-09,3911.23,-0.111%,21.63
2021-02-10,3909.88,-0.035%,21.99
2021-02-11,3916.38,0.166%,21.25
2021-02-12,3934.83,0.471%,19.97
2021-02-15,#N/A,#N/A,0
2021-02-16,3932.59,#N/A,21.46
2021-02-17,3931.33,-0.032%,21.5
2021-02-18,3913.97,-0.442%,22.49
2021-02-19,3906.71,-0.185%,22.05
2021-02-22,3876.50,-0.773%,23.45
2021-02-23,3881.37,0.126%,23.11
2021-02-24,3925.43,1.135%,21.34
2021-02-25,3829.34,-2.448%,28.89
2021-02-26,3811.15,-0.475%,27.95
2021-03-01,3901.82,2.379%,23.35
2021-03-02,3870.29,-0.808%,24.1
2021-03-03,3819.72,-1.307%,26.67
2021-03-04,3768.47,-1.342%,28.57
2021-03-05,3841.94,1.950%,24.66
2021-03-08,3821.35,-0.536%,25.47
2021-03-09,3875.44,1.415%,24.03
2021-03-10,3898.81,0.603%,22.56
2021-03-11,3939.34,1.040%,21.91
2021-03-12,3943.34,0.102%,20.69
2021-03-15,3968.94,0.649%,20.03
2021-03-16,3962.71,-0.157%,19.79
2021-03-17,3974.12,0.288%,19.23
2021-03-18,3915.46,-1.476%,21.58
2021-03-19,3913.10,-0.060%,20.95
2021-03-22,3940.59,0.703%,18.88
2021-03-23,3910.52,-0.763%,20.3
2021-03-24,3889.14,-0.547%,21.2
2021-03-25,3909.52,0.524%,19.81
2021-03-26,3974.54,1.663%,18.86
2021-03-29,3971.09,-0.087%,20.74
2021-03-30,3958.55,-0.316%,19.61
2021-03-31,3972.89,0.362%,19.4
2021-04-01,4019.87,1.183%,17.33
2021-04-02,#N/A,#N/A,0
2021-04-05,4077.91,#N/A,17.91
2021-04-06,4073.94,-0.097%,18.12
2021-04-07,4079.95,0.148%,17.16
2021-04-08,4097.17,0.422%,16.95
2021-04-09,4128.80,0.772%,16.69
2021-04-12,4127.99,-0.020%,16.91
2021-04-13,4141.59,0.329%,16.65
2021-04-14,4124.66,-0.409%,16.99
2021-04-15,4170.42,1.109%,16.57
2021-04-16,4185.47,0.361%,16.25
2021-04-19,4163.26,-0.531%,17.29
2021-04-20,4134.94,-0.680%,18.68
2021-04-21,4173.42,0.931%,17.5
2021-04-22,4134.98,-0.921%,18.71
2021-04-23,4180.17,1.093%,17.33
2021-04-26,4187.62,0.178%,17.64
2021-04-27,4186.72,-0.021%,17.56
2021-04-28,4183.18,-0.085%,17.28
2021-04-29,4211.47,0.676%,17.61
2021-04-30,4181.17,-0.719%,18.61
2021-05-03,4192.66,0.275%,18.31
2021-05-04,4164.66,-0.668%,19.48
2021-05-05,4167.59,0.070%,19.15
2021-05-06,4201.62,0.817%,18.39
2021-05-07,4232.60,0.737%,16.69
2021-05-10,4188.43,-1.044%,19.66
2021-05-11,4152.10,-0.867%,21.84
2021-05-12,4063.04,-2.145%,27.59
2021-05-13,4112.50,1.217%,23.13
2021-05-14,4173.85,1.492%,18.81
2021-05-17,4163.29,-0.253%,19.72
2021-05-18,4127.83,-0.852%,21.34
2021-05-19,4115.68,-0.294%,22.18
2021-05-20,4159.12,1.055%,20.67
2021-05-21,4155.86,-0.078%,20.15
2021-05-24,4197.05,0.991%,18.4
2021-05-25,4188.13,-0.213%,18.84
2021-05-26,4195.99,0.188%,17.36
2021-05-27,4200.88,0.117%,16.74
2021-05-28,4204.11,0.077%,16.76
2021-05-31,#N/A,#N/A,0
2021-06-01,4202.04,#N/A,17.9
2021-06-02,4208.12,0.145%,17.48
2021-06-03,4192.85,-0.363%,18.04
2021-06-04,4229.89,0.883%,16.42
2021-06-07,4226.52,-0.080%,16.42
2021-06-08,4227.26,0.018%,17.07
2021-06-09,4219.55,-0.182%,17.89
2021-06-10,4239.18,0.465%,16.1
2021-06-11,4247.44,0.195%,15.65
2021-06-14,4255.15,0.182%,16.39
2021-06-15,4246.59,-0.201%,17.02
2021-06-16,4223.70,-0.539%,18.15
2021-06-17,4221.86,-0.044%,17.75
2021-06-18,4166.45,-1.312%,20.7
2021-06-21,4224.79,1.400%,17.89
2021-06-22,4246.44,0.512%,16.66
2021-06-23,4241.84,-0.108%,16.32
2021-06-24,4266.49,0.581%,15.97
2021-06-25,4280.70,0.333%,15.62
2021-06-28,4290.61,0.232%,15.76
2021-06-29,4291.80,0.028%,16.02
2021-06-30,4297.50,0.133%,15.83
2021-07-01,4319.94,0.522%,15.48
2021-07-02,4352.34,0.750%,15.07
2021-07-05,#N/A,#N/A,0
2021-07-06,4343.54,#N/A,16.44
2021-07-07,4358.13,0.336%,16.2
2021-07-08,4320.82,-0.856%,19
2021-07-09,4369.55,1.128%,16.18
2021-07-12,4384.63,0.345%,16.17
2021-07-13,4369.21,-0.352%,17.12
2021-07-14,4374.30,0.116%,16.33
2021-07-15,4360.03,-0.326%,17.01
2021-07-16,4327.16,-0.754%,18.45
2021-07-19,4258.49,-1.587%,22.5
2021-07-20,4323.06,1.516%,19.73
2021-07-21,4358.69,0.824%,17.91
2021-07-22,4367.48,0.202%,17.69
2021-07-23,4411.79,1.015%,17.2
2021-07-26,4422.30,0.238%,17.58
2021-07-27,4401.46,-0.471%,19.36
2021-07-28,4400.64,-0.019%,18.31
2021-07-29,4419.15,0.421%,17.7
2021-07-30,4395.26,-0.541%,18.24
2021-08-02,4387.16,-0.184%,19.46
2021-08-03,4423.15,0.820%,18.04
2021-08-04,4402.66,-0.463%,17.97
2021-08-05,4429.10,0.601%,17.28
2021-08-06,4436.52,0.168%,16.15
2021-08-09,4432.35,-0.094%,16.72
2021-08-10,4436.75,0.099%,16.79
2021-08-11,4447.70,0.247%,16.06
2021-08-12,4460.83,0.295%,15.59
2021-08-13,4468.00,0.161%,15.45
2021-08-16,4479.71,0.262%,16.12
2021-08-17,4448.08,-0.706%,17.91
2021-08-18,4400.27,-1.075%,21.57
2021-08-19,4405.80,0.126%,21.67
2021-08-20,4441.67,0.814%,18.56
2021-08-23,4479.53,0.852%,17.15
2021-08-24,4486.23,0.150%,17.22
2021-08-25,4496.19,0.222%,16.79
2021-08-26,4470.00,-0.582%,18.84
2021-08-27,4509.37,0.881%,16.39
2021-08-30,4528.79,0.431%,16.19
2021-08-31,4522.68,-0.135%,16.48
2021-09-01,4524.09,0.031%,16.11
2021-09-02,4536.95,0.284%,16.41
2021-09-03,4535.43,-0.034%,16.41
2021-09-06,#N/A,#N/A,0
2021-09-07,4520.03,#N/A,18.14
2021-09-08,4514.07,-0.132%,17.96
2021-09-09,4493.28,-0.461%,18.8
2021-09-10,4458.58,-0.772%,20.95
2021-09-13,4468.73,0.228%,19.37
2021-09-14,4443.05,-0.575%,19.46
2021-09-15,4480.70,0.847%,18.18
2021-09-16,4473.75,-0.155%,18.69
2021-09-17,4432.99,-0.911%,20.81
2021-09-20,4357.73,-1.698%,25.71
2021-09-21,4354.19,-0.081%,24.36
2021-09-22,4395.64,0.952%,20.87
2021-09-23,4448.98,1.213%,18.63
2021-09-24,4455.48,0.146%,17.75
2021-09-27,4443.11,-0.278%,18.76
2021-09-28,4352.63,-2.036%,23.25
2021-09-29,4359.46,0.157%,22.56
2021-09-30,4307.54,-1.191%,23.14
2021-10-01,4357.04,1.149%,21.15
2021-10-04,4300.46,-1.299%,22.96
2021-10-05,4345.72,1.052%,21.3
2021-10-06,4363.55,0.410%,21
2021-10-07,4399.76,0.830%,19.54
2021-10-08,4391.34,-0.191%,18.77
2021-10-11,4361.19,-0.687%,20
2021-10-12,4350.65,-0.242%,19.85
2021-10-13,4363.80,0.302%,18.64
2021-10-14,4438.26,1.706%,16.86
2021-10-15,4471.37,0.746%,16.3
2021-10-18,4486.46,0.337%,16.31
2021-10-19,4519.63,0.739%,15.7
2021-10-20,4536.19,0.366%,15.49
2021-10-21,4549.78,0.300%,15.01
2021-10-22,4544.90,-0.107%,15.43
2021-10-25,4566.48,0.475%,15.24
2021-10-26,4574.79,0.182%,15.98
2021-10-27,4551.68,-0.505%,16.98
2021-10-28,4596.42,0.983%,16.53
2021-10-29,4605.38,0.195%,16.26
2021-11-01,4613.67,0.180%,16.41
2021-11-02,4630.65,0.368%,16.03
2021-11-03,4660.57,0.646%,15.1
2021-11-04,4680.06,0.418%,15.44
2021-11-05,4697.53,0.373%,16.48
2021-11-08,4701.70,0.089%,17.22
2021-11-09,4685.25,-0.350%,17.78
2021-11-10,4646.71,-0.823%,18.73
2021-11-11,4649.27,0.055%,17.66
2021-11-12,4682.85,0.722%,16.29
2021-11-15,4682.80,-0.001%,16.49
2021-11-16,4700.90,0.387%,16.37
2021-11-17,4688.67,-0.260%,17.11
2021-11-18,4704.54,0.338%,17.59
2021-11-19,4697.96,-0.140%,17.91
2021-11-22,4682.94,-0.320%,19.17
2021-11-23,4690.70,0.166%,19.38
2021-11-24,4701.46,0.229%,18.58
2021-11-25,#N/A,#N/A,0
2021-11-26,4594.62,#N/A,28.62
2021-11-29,4655.27,1.320%,22.96
2021-11-30,4567.00,-1.896%,27.19
2021-12-01,4513.04,-1.182%,31.12
2021-12-02,4577.10,1.419%,27.95
2021-12-03,4538.43,-0.845%,30.67
2021-12-06,4591.67,1.173%,27.18
2021-12-07,4686.75,2.071%,21.89
2021-12-08,4701.21,0.309%,19.9
2021-12-09,4667.45,-0.718%,21.58
2021-12-10,4712.02,0.955%,18.69
2021-12-13,4668.97,-0.914%,20.31
2021-12-14,4634.09,-0.747%,21.89
2021-12-15,4709.85,1.635%,19.29
2021-12-16,4668.67,-0.874%,20.57
2021-12-17,4620.64,-1.029%,21.57
2021-12-20,4568.02,-1.139%,22.87
2021-12-21,4649.23,1.778%,21.01
2021-12-22,4696.56,1.018%,18.63
2021-12-23,4725.79,0.622%,17.96
2021-12-24,#N/A,#N/A,0
2021-12-27,4791.19,#N/A,17.68
2021-12-28,4786.35,-0.101%,17.54
2021-12-29,4793.06,0.140%,16.95
2021-12-30,4778.73,-0.299%,17.33
2021-12-31,4766.18,-0.263%,17.22
2022-01-03,4796.56,0.637%,16.6
2022-01-04,4793.54,-0.063%,16.91
2022-01-05,4700.58,-1.939%,19.73
2022-01-06,4696.05,-0.096%,19.61
2022-01-07,4677.03,-0.405%,18.76
2022-01-10,4670.29,-0.144%,19.4
2022-01-11,4713.07,0.916%,18.41
2022-01-12,4726.35,0.282%,17.62
2022-01-13,4659.03,-1.424%,20.31
2022-01-14,4662.85,0.082%,19.19
2022-01-17,#N/A,#N/A,0
2022-01-18,4577.11,#N/A,22.79
2022-01-19,4532.76,-0.969%,23.85
2022-01-20,4482.73,-1.104%,25.59
2022-01-21,4397.94,-1.891%,28.85
2022-01-24,4410.13,0.277%,29.9
2022-01-25,4356.45,-1.217%,31.16
2022-01-26,4349.93,-0.150%,31.96
2022-01-27,4326.51,-0.538%,30.49
2022-01-28,4431.85,2.435%,27.66
2022-01-31,4515.55,1.889%,24.83
2022-02-01,4546.54,0.686%,21.96
2022-02-02,4589.38,0.942%,22.09
2022-02-03,4477.44,-2.439%,24.35
2022-02-04,4500.53,0.516%,23.22
2022-02-07,4483.87,-0.370%,22.86
2022-02-08,4521.54,0.840%,21.44
2022-02-09,4587.18,1.452%,19.96
2022-02-10,4504.08,-1.812%,23.91
2022-02-11,4418.64,-1.897%,27.36
2022-02-14,4401.67,-0.384%,28.33
2022-02-15,4471.07,1.577%,25.7
2022-02-16,4475.01,0.088%,24.29
2022-02-17,4380.26,-2.117%,28.11
2022-02-18,4348.87,-0.717%,27.75
2022-02-21,#N/A,#N/A,0
2022-02-22,4304.76,#N/A,28.81
2022-02-23,4225.50,-1.841%,31.02
2022-02-24,4288.70,1.496%,30.32
2022-02-25,4384.65,2.237%,27.59
2022-02-28,4373.94,-0.244%,30.15
2022-03-01,4306.26,-1.547%,33.32
2022-03-02,4386.54,1.864%,30.74
2022-03-03,4363.49,-0.525%,30.48
2022-03-04,4328.87,-0.793%,31.98
2022-03-07,4201.09,-2.952%,36.45
2022-03-08,4170.70,-0.723%,35.13
2022-03-09,4277.88,2.570%,32.45
2022-03-10,4259.52,-0.429%,30.23
2022-03-11,4204.31,-1.296%,30.75
2022-03-14,4173.11,-0.742%,31.77
2022-03-15,4262.45,2.141%,29.83
2022-03-16,4357.86,2.238%,26.67
2022-03-17,4411.67,1.235%,25.67
2022-03-18,4463.12,1.166%,23.87
2022-03-21,4461.18,-0.043%,23.53
2022-03-22,4511.61,1.130%,22.94
2022-03-23,4456.24,-1.227%,23.57
2022-03-24,4520.16,1.434%,21.67
2022-03-25,4543.06,0.507%,20.81
2022-03-28,4575.52,0.714%,19.63
2022-03-29,4631.60,1.226%,18.9
2022-03-30,4602.45,-0.629%,19.33
2022-03-31,4530.41,-1.565%,20.56
2022-04-01,4545.86,0.341%,19.63
2022-04-04,4582.64,0.809%,18.57
2022-04-05,4525.12,-1.255%,21.03
2022-04-06,4481.15,-0.972%,22.1
2022-04-07,4500.21,0.425%,21.55
2022-04-08,4488.28,-0.265%,21.16
2022-04-11,4412.53,-1.688%,24.37
2022-04-12,4397.45,-0.342%,24.26
2022-04-13,4446.59,1.117%,21.82
2022-04-14,4392.59,-1.214%,22.7
2022-04-15,#N/A,#N/A,0
2022-04-18,4391.69,#N/A,22.17
2022-04-19,4462.21,1.606%,21.37
2022-04-20,4459.45,-0.062%,20.32
2022-04-21,4393.66,-1.475%,22.68
2022-04-22,4271.78,-2.774%,28.21
2022-04-25,4296.12,0.570%,27.02
2022-04-26,4175.20,-2.815%,33.52
2022-04-27,4183.96,0.210%,31.6
2022-04-28,4287.50,2.475%,29.99
2022-04-29,4131.93,-3.628%,33.4
2022-05-02,4155.38,0.568%,32.34
2022-05-03,4175.48,0.484%,29.25
2022-05-04,4300.17,2.986%,25.42
2022-05-05,4146.87,-3.565%,31.2
2022-05-06,4123.34,-0.567%,30.19
2022-05-09,3991.24,-3.204%,34.75
2022-05-10,4001.05,0.246%,32.99
2022-05-11,3935.18,-1.646%,32.56
2022-05-12,3930.08,-0.130%,31.77
2022-05-13,4023.89,2.387%,28.87
2022-05-16,4008.01,-0.395%,27.47
2022-05-17,4088.85,2.017%,26.1
2022-05-18,3923.68,-4.040%,30.96
2022-05-19,3900.79,-0.583%,29.35
2022-05-20,3901.36,0.015%,29.43
2022-05-23,3973.75,1.856%,28.48
2022-05-24,3941.48,-0.812%,29.45
2022-05-25,3978.73,0.945%,28.37
2022-05-26,4057.84,1.988%,27.5
2022-05-27,4158.24,2.474%,25.72
2022-05-30,#N/A,#N/A,26.54
2022-05-31,4132.15,#N/A,26.19
2022-06-01,4101.23,-0.748%,25.69
2022-06-02,4176.82,1.843%,24.72
2022-06-03,4108.54,-1.635%,24.79
2022-06-06,4121.43,0.314%,25.07
2022-06-07,4160.68,0.952%,24.02
2022-06-08,4115.77,-1.079%,23.96
2022-06-09,4017.82,-2.380%,26.09
2022-06-10,3900.86,-2.911%,27.75
2022-06-13,3749.63,-3.877%,34.02
2022-06-14,3735.48,-0.377%,32.69
2022-06-15,3789.99,1.459%,29.62
2022-06-16,3666.77,-3.251%,32.95
2022-06-17,3674.84,0.220%,31.13
2022-06-20,#N/A,#N/A,31.03
2022-06-21,3764.79,#N/A,30.19
2022-06-22,3759.89,-0.130%,28.95
2022-06-23,3795.73,0.953%,29.05
2022-06-24,3911.74,3.056%,27.23
2022-06-27,3900.11,-0.297%,26.95
2022-06-28,3821.55,-2.014%,28.36
2022-06-29,3818.83,-0.071%,28.16
2022-06-30,3785.38,-0.876%,28.71
2022-07-01,3825.33,1.055%,26.7
2022-07-04,#N/A,#N/A,27.53
2022-07-05,3831.39,#N/A,27.54
2022-07-06,3845.08,0.357%,26.73
2022-07-07,3902.62,1.496%,26.08
2022-07-08,3899.38,-0.083%,24.64
2022-07-11,3854.43,-1.153%,26.17
2022-07-12,3818.80,-0.924%,27.29
2022-07-13,3801.78,-0.446%,26.82
2022-07-14,3790.38,-0.300%,26.4
2022-07-15,3863.16,1.920%,24.23
2022-07-18,3830.85,-0.836%,25.3
2022-07-19,3936.69,2.763%,24.5
2022-07-20,3959.90,0.590%,23.88
2022-07-21,3998.95,0.986%,23.11
2022-07-22,3961.63,-0.933%,23.03
2022-07-25,3966.84,0.132%,23.36
2022-07-26,3921.05,-1.154%,24.69
2022-07-27,4023.61,2.616%,23.24
2022-07-28,4072.43,1.213%,22.33
2022-07-29,4130.29,1.421%,21.33
2022-08-01,4118.63,-0.282%,22.84
2022-08-02,4091.19,-0.666%,23.93
2022-08-03,4155.17,1.564%,21.95
2022-08-04,4151.94,-0.078%,21.44
2022-08-05,4145.19,-0.163%,21.15
2022-08-08,4140.06,-0.124%,21.29
2022-08-09,4122.47,-0.425%,21.77
2022-08-10,4210.24,2.129%,19.74
2022-08-11,4207.27,-0.071%,20.2
2022-08-12,4280.15,1.732%,19.53
2022-08-15,4297.14,0.397%,19.95
2022-08-16,4305.20,0.188%,19.69
2022-08-17,4274.04,-0.724%,19.9
2022-08-18,4283.74,0.227%,19.56
2022-08-19,4228.48,-1.290%,20.6
2022-08-22,4137.99,-2.140%,23.8
2022-08-23,4128.73,-0.224%,24.11
2022-08-24,4140.77,0.292%,22.82
2022-08-25,4199.12,1.409%,21.78
2022-08-26,4057.66,-3.369%,25.56
2022-08-29,4030.61,-0.667%,26.21
2022-08-30,3986.16,-1.103%,26.21
2022-08-31,3955.00,-0.782%,25.87
2022-09-01,3966.85,0.300%,25.56
2022-09-02,3924.26,-1.074%,25.47
2022-09-05,#N/A,#N/A,25.99
2022-09-06,3908.19,#N/A,26.91
2022-09-07,3979.87,1.834%,24.64
2022-09-08,4006.18,0.661%,23.61
2022-09-09,4067.36,1.527%,22.79
2022-09-12,4110.41,1.058%,23.87
2022-09-13,3932.69,-4.324%,27.27
2022-09-14,3946.01,0.339%,26.16
2022-09-15,3901.35,-1.132%,26.27
2022-09-16,3873.33,-0.718%,26.3
2022-09-19,3899.89,0.686%,25.76
2022-09-20,3855.93,-1.127%,27.16
2022-09-21,3789.93,-1.712%,27.99
2022-09-22,3757.99,-0.843%,27.35
2022-09-23,3693.23,-1.723%,
